id,category
0,0.3724560502975024
1,0.7330339041746011
2,0.7215709502178373
3,0.546355404564304
4,0.8516302350104932
5,0.78040631799399
6,0.4128820234964944
7,0.6113889792602012
8,0.5479515208307346
9,0.8148769532871425
10,0.6890149462771414
11,0.7135385589508929
12,0.4504547085991414
13,0.7167788427380672
14,0.25185905904331274
15,0.8184548380802454
16,0.7936537061740288
17,0.7152809052401436
18,0.48237166924256303
19,0.6685015565200898
